{"cameraMode":{"drawMode":0,"name":"Shaded","section":"Shading Mode"},"sceneLighting":false,"audioPlay":false,"sceneViewState":{"showFog":true,"showMaterialUpdate":false,"showSkybox":true,"showFlares":true,"showImageEffects":true,"showParticleSystems":true},"in2DMode":false,"pivot":{"x":673.02099609375,"y":-1150.041015625,"z":-2774.26953125},"rotation":{"x":0.4140412509441376,"y":0.010620590299367905,"z":-0.004867749288678169,"w":0.910234272480011},"size":15966.396484375,"orthographic":false}